course_code,reg_number,score,grade
MTH121,2022/247147,55,C
MTH121,2022/247614,40,E
MTH121,2022/247665,70,A
MTH121,2022/246171,45,D
MTH121,2022/241896,44,E
MTH121,2022/247374,46,D
MTH121,2022/250743,40,E
MTH121,2022/244168,40,E
MTH121,2022/247929,40,E
MTH121,2022/241922,56,C
MTH121,2022/241858,64,B
MTH121,2022/250929,40,E
MTH121,2022/244139,64,B
MTH121,2022/246875,40,E
MTH121,2022/247946,53,C
MTH121,2022/247615,28,F
MTH121,2022/241923,89,A
MTH121,2022/241615,49,D
MTH121,2022/241670,80,A
MTH121,2022/250164,44,E
MTH121,2022/244108,69,B
MTH121,2022/250738,52,C
MTH121,2022/245596,43,E
MTH121,2022/249461,57,C
MTH121,2022/247012,25,F
MTH121,2022/244143,41,E
MTH121,2022/244887,85,A
MTH121,2022/248463,46,D
MTH121,2022/243453,82,A
MTH121,2022/249462,40,E
MTH121,2022/246475,40,E
MTH121,2022/241634,57,C
MTH121,2022/244141,40,E
MTH121,2022/246419,58,C
MTH121,2020/252129,40,E
MTH121,2022/243450,48,D
MTH121,2022/246445,68,B
MTH121,2022/250690,40,E
MTH121,2022/241805,78,A
MTH121,2022/247926,40,E
MTH121,2022/241643,77,A
MTH121,2022/248887,56,C
MTH121,2022/244844,40,E
MTH121,2022/245585,47,D
MTH121,2022/249189,43,E
MTH121,2022/244109,40,E
MTH121,2022/247016,50,C
MTH121,2022/244355,90,A
MTH121,2022/244110,60,B
MTH121,2022/243458,52,C
MTH121,2022/243452,94,A
MTH121,2022/250186,52,C
MTH121,2022/249174,40,E
MTH121,2022/247020,84,A
MTH121,2022/249893,75,A
MTH121,2022/244906,61,B
MTH121,2022/244137,70,A
MTH121,2022/244145,40,E
MTH121,2022/246144,55,C
MTH121,2022/246877,67,B
MTH121,2022/241584,48,D
MTH121,2022/244893,48,D
MTH121,2022/248118,43,E
MTH121,2022/247153,71,A
MTH121,2022/250811,40,E
MTH121,2022/244965,64,B
MTH121,2022/245555,44,E
MTH121,2022/241917,51,C
MTH121,2022/244890,40,E
MTH121,2022/243460,55,C
MTH121,2022/249466,51,C
MTH121,2022/247666,40,E
MTH121,2022/241800,76,A
MTH121,2022/243457,43,E
MTH121,2022/244970,40,E
MTH121,2022/246156,44,E
MTH121,2022/241952,43,E
CHM171,2022/247147,47,D
CHM171,2022/247614,40,E
CHM171,2022/246171,45,D
CHM171,2022/247665,45,D
CHM171,2022/241896,40,E
CHM171,2022/247374,42,E
CHM171,2022/250743,45,D
CHM171,2022/244168,58,C
CHM171,2022/247929,40,E
CHM171,2022/241922,50,C
CHM171,2022/241858,32,F
CHM171,2022/250929,41,E
CHM171,2022/244139,56,C
CHM171,2022/246875,50,C
CHM171,2022/247946,46,D
CHM171,2022/247615,40,E
CHM171,2022/241923,76,A
CHM171,2022/241615,40,E
CHM171,2022/241670,64,B
CHM171,2021/244049,48,D
CHM171,2022/250164,45,D
CHM171,2022/244108,42,E
CHM171,2022/250738,40,E
CHM171,2022/245596,47,D
CHM171,2022/249461,50,C
CHM171,2022/247012,50,C
CHM171,2022/244143,50,C
CHM171,2022/244887,73,A
CHM171,2022/248463,42,E
CHM171,2022/243453,61,B
CHM171,2022/249462,32,F
CHM171,2022/246475,22,F
CHM171,2022/241634,42,E
CHM171,2022/244141,62,B
CHM171,2022/246419,52,C
CHM171,2020/252129,14,F
CHM171,2022/243450,57,C
CHM171,2022/246445,58,C
CHM171,2022/250690,52,C
CHM171,2022/241805,67,B
CHM171,2022/247926,42,E
CHM171,2022/241643,45,D
CHM171,2022/248887,46,D
CHM171,2022/244888,56,C
CHM171,2022/245585,50,C
CHM171,2022/249180,42,E
CHM171,2022/244109,53,C
CHM171,2022/247016,40,E
CHM171,2022/243455,77,A
CHM171,2022/244110,56,C
CHM171,2022/243458,60,B
CHM171,2022/243452,55,C
CHM171,2022/250186,48,D
CHM171,2022/249174,40,E
CHM171,2022/247020,63,B
CHM171,2022/249893,65,B
CHM171,2022/244906,45,D
CHM171,2022/244137,58,C
CHM171,2022/244145,47,D
CHM171,2022/246144,50,C
CHM171,2022/246877,54,C
CHM171,2022/241584,53,C
CHM171,2022/244893,46,D
CHM171,2022/248118,52,C
CHM171,2022/247153,62,B
CHM171,2022/250811,43,E
CHM171,2022/244965,50,C
CHM171,2022/245555,40,E
CHM171,2022/241917,42,E
CHM171,2022/244890,47,D
CHM171,2021/245025,60,B
CHM171,2022/243460,47,D
CHM171,2022/249466,42,E
CHM171,2022/247666,31,F
CHM171,2022/241800,57,C
CHM171,2022/243457,49,D
CHM171,2022/244970,47,D
CHM171,2022/246156,40,E
CHM171,2022/241852,53,C
CHM171,2022/247151,51,C
CHM171,2022/245611,51,C
CHM171,2022/247610,42,E
CHM171,2022/246420,46,D
CHM101,2022/247147,51,C
CHM101,2022/247614,51,C
CHM101,2022/246171,40,E
CHM101,2022/247665,54,C
CHM101,2022/241896,40,E
CHM101,2022/247374,40,E
CHM101,2022/250743,40,E
CHM101,2022/244168,43,E
CHM101,2022/247929,41,E
CHM101,2022/241922,53,C
CHM101,2022/241858,64,B
CHM101,2022/250929,40,E
CHM101,2022/244139,51,C
CHM101,2022/246875,46,D
CHM101,2022/247946,46,D
CHM101,2022/247615,51,C
CHM101,2022/241923,72,A
CHM101,2022/241615,54,C
CHM101,2022/241670,70,A
CHM101,2022/250164,40,E
CHM101,2022/244108,74,A
CHM101,2022/250738,46,D
CHM101,2022/245596,51,C
CHM101,2022/248461,50,C
CHM101,2022/247012,51,C
CHM101,2022/244143,43,E
CHM101,2022/244887,60,B
CHM101,2022/248463,51,C
CHM101,2022/243453,70,A
CHM101,2022/249462,40,E
CHM101,2022/246475,40,E
CHM101,2022/241634,54,C
CHM101,2022/244141,64,B
CHM101,2022/246419,67,B
CHM101,2020/252129,40,E
CHM101,2022/243450,77,A
CHM101,2022/246445,41,E
CHM101,2022/250690,28,F
CHM101,2022/241805,77,A
CHM101,2022/247926,51,C
CHM101,2022/241643,56,C
CHM101,2022/248887,41,E
CHM101,2022/244888,54,C
CHM101,2022/245585,64,B
CHM101,2022/249180,40,E
CHM101,2021/247802,64,B
CHM101,2022/244109,40,E
CHM101,2022/247016,50,C
CHM101,2022/243455,77,A
CHM101,2022/244110,67,B
CHM101,2022/243458,51,C
CHM101,2022/243452,77,A
CHM101,2022/250186,51,C
CHM101,2022/249174,40,E
CHM101,2022/247020,72,A
CHM101,2022/249893,60,B
CHM101,2022/244906,41,E
CHM101,2022/244145,46,D
CHM101,2022/244137,61,B
CHM101,2022/246144,40,E
CHM101,2022/246877,70,A
CHM101,2022/241584,43,E
CHM101,2022/248118,10,F
CHM101,2022/244893,54,C
CHM101,2022/247153,60,B
CHM101,2022/250811,43,E
CHM101,2022/244965,50,C
CHM101,2022/245555,46,D
CHM101,2022/241917,51,C
CHM101,2022/244890,51,C
CHM101,2022/243460,56,C
CHM101,2022/249466,40,E
CHM101,2022/247666,40,E
CHM101,2022/241800,46,D
CHM101,2022/243457,40,E
CHM101,2022/244970,54,C
CHM101,2022/246156,61,B
CHM101,2022/241852,43,E
CHM101,2022/247151,25,F
CHM101,2022/245611,50,C
CHM101,2022/247610,40,E
CHM101,2022/246420,67,B
MTH111,2022/247147,42,E
MTH111,2022/247614,40,E
MTH111,2022/247665,40,E
MTH111,2022/246171,40,E
MTH111,2022/241896,54,C
MTH111,2022/247374,40,E
MTH111,2022/250743,40,E
MTH111,2022/244168,50,C
MTH111,2022/247929,40,E
MTH111,2022/241922,40,E
MTH111,2022/241858,50,C
MTH111,2022/250929,40,E
MTH111,2022/244139,48,D
MTH111,2022/246875,45,D
MTH111,2022/247946,41,E
MTH111,2022/247615,40,E
MTH111,2022/241923,40,E
MTH111,2022/241615,42,E
MTH111,2022/241670,40,E
MTH111,2022/250164,43,E
MTH111,2022/244108,44,E
MTH111,2022/250738,48,D
MTH111,2022/245596,40,E
MTH111,2022/249461,72,A
MTH111,2022/247012,48,D
MTH111,2022/244143,50,C
MTH111,2022/244887,70,A
MTH111,2022/248463,40,E
MTH111,2022/246475,40,E
MTH111,2022/241634,56,C
MTH111,2022/244141,58,C
MTH111,2022/246419,62,B
MTH111,2020/252129,40,E
MTH111,2022/243450,41,E
MTH111,2022/246445,64,B
MTH111,2022/250690,40,E
MTH111,2022/241805,84,A
MTH111,2022/247926,46,D
MTH111,2022/241643,50,C
MTH111,2022/248887,66,B
MTH111,2022/244888,48,D
MTH111,2022/245585,51,C
MTH111,2022/249180,44,E
MTH111,2022/244109,40,E
MTH111,2022/247016,44,E
MTH111,2022/243455,88,A
MTH111,2022/244110,50,C
MTH111,2022/243458,41,E
MTH111,2022/243452,82,A
MTH111,2022/250186,61,B
MTH111,2022/249174,40,E
MTH111,2022/247020,76,A
MTH111,2022/249893,66,B
MTH111,2022/244906,45,D
MTH111,2022/244137,70,A
MTH111,2022/244145,44,E
MTH111,2022/246144,45,D
MTH111,2022/246877,57,C
MTH111,2022/241584,52,C
MTH111,2022/244893,40,E
MTH111,2022/248118,40,E
MTH111,2022/247153,77,A
MTH111,2022/250811,37,F
MTH111,2022/244965,44,E
MTH111,2022/245555,54,C
MTH111,2022/241917,67,B
MTH111,2022/244890,41,E
MTH111,2022/243460,59,C
MTH111,2022/249466,42,E
MTH111,2022/247666,40,E
MTH111,2022/241800,62,B
MTH111,2022/243457,47,D
MTH111,2022/244970,52,C
MTH111,2022/246156,74,A
MTH111,2022/241852,40,E
MTH111,2022/247151,42,E
MTH111,2022/245611,51,C
MTH111,2022/247610,45,D
MTH111,2022/246420,43,E
GSP111,2022/247147,53,C
GSP111,2022/247614,41,E
GSP111,2022/247665,50,C
GSP111,2022/246171,52,C
GSP111,2022/241896,54,C
GSP111,2022/247374,48,D
GSP111,2022/250743,41,E
GSP111,2022/244168,50,C
GSP111,2022/247929,40,E
GSP111,2022/241922,67,B
GSP111,2022/241858,62,B
GSP111,2022/250929,41,E
GSP111,2022/244139,70,A
GSP111,2022/246875,61,B
GSP111,2022/247946,53,C
GSP111,2022/247615,46,D
GSP111,2022/241923,60,B
GSP111,2022/241615,60,B
GSP111,2022/241670,80,A
GSP111,2022/250164,38,F
GSP111,2022/244108,68,B
GSP111,2022/250738,61,B
GSP111,2022/245596,50,C
GSP111,2022/249461,64,B
GSP111,2022/247012,45,D
GSP111,2022/244143,60,B
GSP111,2022/244887,70,A
GSP111,2022/248463,46,D
GSP111,2022/243453,60,B
GSP111,2022/249462,31,F
GSP111,2022/246475,57,C
GSP111,2022/241634,65,B
GSP111,2022/244141,52,C
GSP111,2022/246419,65,B
GSP111,2020/252129,52,C
GSP111,2022/243450,64,B
GSP111,2022/246445,57,C
GSP111,2022/250690,28,F
GSP111,2022/241805,64,B
GSP111,2022/247926,54,C
GSP111,2022/241643,66,B
GSP111,2022/248887,62,B
GSP111,2022/244888,51,C
GSP111,2022/245585,58,C
GSP111,2022/249180,46,D
GSP111,2022/244109,66,B
GSP111,2022/247016,65,B
GSP111,2022/243455,66,B
GSP111,2022/244110,73,A
GSP111,2022/243458,55,C
GSP111,2022/243452,74,A
GSP111,2022/250186,50,C
GSP111,2022/249174,45,D
GSP111,2022/247020,70,A
GSP111,2022/249893,45,D
GSP111,2022/244906,58,C
GSP111,2022/244137,57,C
GSP111,2022/244145,56,C
GSP111,2022/246144,57,C
GSP111,2022/246877,62,B
GSP111,2022/241584,51,C
GSP111,2022/244893,41,E
GSP111,2022/248118,45,D
GSP111,2022/247153,50,C
GSP111,2022/250811,48,D
GSP111,2022/244965,61,B
GSP111,2022/245555,51,C
GSP111,2022/241917,55,C
GSP111,2022/244890,32,F
GSP111,2022/243460,57,C
GSP111,2022/249466,50,C
GSP111,2022/247666,35,F
GSP111,2022/241800,50,C
GSP111,2022/243457,56,C
GSP111,2022/244970,53,C
GSP111,2022/246156,73,A
GSP111,2022/241852,40,E
GSP111,2022/247151,52,C
GSP111,2022/245611,65,B
GSP111,2022/247610,60,B
GSP111,2022/246420,60,B
PHY195,2022/247147,61,B
PHY195,2022/247614,46,D
PHY195,2022/246171,63,B
PHY195,2022/247665,64,B
PHY195,2022/241896,47,D
PHY195,2022/247374,43,E
PHY195,2022/250743,53,C
PHY195,2022/244168,74,A
PHY195,2022/247929,53,C
PHY195,2022/241922,72,A
PHY195,2022/241858,75,A
PHY195,2022/250929,46,D
PHY195,2022/244139,65,B
PHY195,2022/246875,53,C
PHY195,2022/247946,78,A
PHY195,2022/247615,42,E
PHY195,2022/241923,85,A
PHY195,2022/241615,55,C
PHY195,2022/241670,74,A
PHY195,2022/250164,45,D
PHY195,2022/244108,88,A
PHY195,2022/250738,73,A
PHY195,2022/245596,55,C
PHY195,2022/249461,55,C
PHY195,2022/247012,46,D
PHY195,2022/244143,71,A
PHY195,2022/244887,78,A
PHY195,2022/248463,64,B
PHY195,2022/243453,78,A
PHY195,2022/249462,58,C
PHY195,2022/246475,52,C
PHY195,2022/241634,74,A
PHY195,2022/244141,67,B
PHY195,2022/246419,77,A
PHY195,2020/252129,47,D
PHY195,2022/243450,74,A
PHY195,2022/246445,72,A
PHY195,2022/250690,42,E
PHY195,2022/241805,85,A
PHY195,2022/247926,47,D
PHY195,2022/241643,71,A
PHY195,2022/248887,72,A
PHY195,2022/244888,48,D
PHY195,2022/245585,63,B
PHY195,2022/249180,45,D
PHY195,2022/244109,60,B
PHY195,2022/247016,65,B
PHY195,2022/243455,78,A
PHY195,2022/244110,74,A
PHY195,2022/243458,46,D
PHY195,2022/243452,87,A
PHY195,2022/250186,43,E
PHY195,2022/249174,71,A
PHY195,2022/247020,61,B
PHY195,2022/249893,51,C
PHY195,2022/244906,76,A
PHY195,2022/244145,80,A
PHY195,2022/244137,53,C
PHY195,2022/246144,74,A
PHY195,2022/246877,60,B
PHY195,2022/241584,56,C
PHY195,2022/244893,61,B
PHY195,2022/248118,63,B
PHY195,2022/247153,73,A
PHY195,2022/250811,42,E
PHY195,2022/244965,56,C
PHY195,2022/245555,41,E
PHY195,2022/241917,55,C
PHY195,2022/244890,55,C
PHY195,2022/243460,81,A
PHY195,2022/249466,53,C
PHY195,2021/248655,46,D
PHY195,2022/247666,45,D
PHY195,2022/241800,80,A
PHY195,2022/243457,40,E
PHY195,2022/244970,57,C
PHY195,2022/246156,67,B
PHY195,2022/241852,73,A
PHY195,2022/247151,41,E
PHY195,2022/245611,67,B
PHY195,2022/247610,42,E
PHY195,2022/246420,66,B
PHY121,2022/247147,45,D
PHY121,2022/247614,48,D
PHY121,2022/247665,46,D
PHY121,2022/246171,58,C
PHY121,2022/241896,70,A
PHY121,2022/247374,52,C
PHY121,2022/250743,32,F
PHY121,2022/244168,60,B
PHY121,2022/247929,45,D
PHY121,2022/241922,60,B
PHY121,2022/241858,58,C
PHY121,2022/250929,0,F
PHY121,2022/244139,60,B
PHY121,2022/246875,50,C
PHY121,2022/247946,54,C
PHY121,2022/247615,34,F
PHY121,2022/241923,78,A
PHY121,2022/241615,40,E
PHY121,2022/241670,40,E
PHY121,2022/250164,74,A
PHY121,2022/244108,66,B
PHY121,2022/250738,74,A
PHY121,2022/245596,54,C
PHY121,2022/249461,60,B
PHY121,2022/247012,64,B
PHY121,2022/244143,34,F
PHY121,2022/244887,26,F
PHY121,2022/248463,46,D
PHY121,2022/243453,66,B
PHY121,2022/249462,72,A
PHY121,2022/246475,40,E
PHY121,2022/241634,40,E
PHY121,2022/244141,58,C
PHY121,2022/246419,64,B
PHY121,2020/252129,40,E
PHY121,2022/243450,44,E
PHY121,2022/246445,70,A
PHY121,2022/250690,30,F
PHY121,2022/241805,82,A
PHY121,2022/247926,52,C
PHY121,2022/241643,60,B
PHY121,2022/248887,50,C
PHY121,2022/244888,42,E
PHY121,2022/245585,52,C
PHY121,2022/249180,40,E
PHY121,2022/244109,40,E
PHY121,2022/247016,54,C
PHY121,2022/243455,56,C
PHY121,2022/244110,48,D
PHY121,2022/243458,54,C
PHY121,2022/243452,84,A
PHY121,2022/250186,45,D
PHY121,2022/249174,24,F
PHY121,2022/247020,84,A
PHY121,2022/249893,63,B
PHY121,2022/244906,54,C
PHY121,2022/244137,80,A
PHY121,2022/244145,48,D
PHY121,2022/246144,45,D
PHY121,2018/250231,50,C
PHY121,2022/246877,40,E
PHY121,2022/241584,48,D
PHY121,2022/244893,48,D
PHY121,2022/248118,70,A
PHY121,2022/247153,48,D
PHY121,2022/250811,54,C
PHY121,2022/244965,60,B
PHY121,2022/245555,52,C
PHY121,2022/241917,46,D
PHY121,2022/244890,40,E
PHY121,2022/243460,74,A
PHY121,2022/249466,48,D
PHY121,2021/248655,42,E
PHY121,2022/247666,34,F
PHY121,2022/241800,45,D
PHY121,2022/243457,60,B
PHY121,2022/244970,54,C
PHY121,2022/246156,52,C
PHY121,2022/241852,50,C
PHY121,2022/247151,48,D
PHY121,2022/245611,58,C
PHY121,2022/247610,45,D
GSP101,2022/247147,45,D
GSP101,2022/247614,43,E
GSP101,2022/246171,42,E
GSP101,2022/247665,65,B
GSP101,2022/241896,53,C
GSP101,2022/247374,45,D
GSP101,2022/250743,41,E
GSP101,2022/244168,53,C
GSP101,2022/247929,27,F
GSP101,2022/241922,64,B
GSP101,2022/241858,52,C
GSP101,2022/250929,40,E
GSP101,2022/244139,56,C
GSP101,2022/246875,50,C
GSP101,2022/247946,58,C
GSP101,2022/247615,51,C
GSP101,2022/241923,61,B
GSP101,2022/241615,56,C
GSP101,2022/241670,63,B
GSP101,2022/250164,52,C
GSP101,2022/244108,70,A
GSP101,2022/250738,63,B
GSP101,2022/245596,48,D
GSP101,2022/249461,58,C
GSP101,2022/247012,56,C
GSP101,2022/244143,47,D
GSP101,2022/244887,72,A
GSP101,2022/248463,53,C
GSP101,2022/243453,63,B
GSP101,2022/249462,41,E
GSP101,2022/246475,53,C
GSP101,2022/241634,58,C
GSP101,2022/244141,64,B
GSP101,2022/246419,57,C
GSP101,2020/252129,58,C
GSP101,2022/243450,60,B
GSP101,2022/246445,55,C
GSP101,2022/250690,31,F
GSP101,2022/241805,73,A
GSP101,2022/247926,47,D
GSP101,2022/241543,54,C
GSP101,2022/248887,60,B
GSP101,2022/244988,41,E
GSP101,2022/244888,42,E
GSP101,2022/245585,50,C
GSP101,2022/245180,37,F
GSP101,2022/244109,73,A
GSP101,2022/247015,54,C
GSP101,2022/243455,51,C
GSP101,2022/247377,45,D
GSP101,2022/244110,77,A
GSP101,2022/243458,48,D
GSP101,2022/243452,70,A
GSP101,2022/250186,48,D
GSP101,2022/249174,34,F
GSP101,2022/247020,61,B
GSP101,2022/249893,63,B
GSP101,2022/244906,45,D
GSP101,2022/244137,51,C
GSP101,2022/244145,52,C
GSP101,2022/245144,52,C
GSP101,2022/246877,67,B
GSP101,2022/241584,50,C
GSP101,2022/244893,35,F
GSP101,2022/248118,45,D
GSP101,2022/247153,43,D
GSP101,2022/250811,51,C
GSP101,2022/244965,51,C
GSP101,2022/245555,62,B
GSP101,2022/241917,47,D
GSP101,2022/244890,38,F
GSP101,2022/243460,57,C
GSP101,2022/249466,51,C
GSP101,2022/247666,40,E
GSP101,2022/241800,58,C
GSP101,2022/243457,51,C
GSP101,2022/244970,52,C
GSP101,2022/246156,66,B
GSP101,2022/241652,43,E
GSP101,2022/247151,47,D
GSP101,2022/245611,56,C
GSP101,2022/247610,46,D
GSP101,2022/246420,63,B
ENG101,2022/247147,46,D
ENG101,2022/247614,40,E
ENG101,2022/246171,29,F
ENG101,2022/247665,53,C
ENG101,2022/241896,52,C
ENG101,2022/247374,43,E
ENG101,2022/250743,41,E
ENG101,2022/244168,51,C
ENG101,2022/247929,40,E
ENG101,2022/241922,58,C
ENG101,2022/241858,68,B
ENG101,2022/250929,19,F
ENG101,2022/244139,68,B
ENG101,2022/246875,60,B
ENG101,2022/247946,40,E
ENG101,2022/247615,47,D
ENG101,2021/248677,46,D
ENG101,2022/241923,72,A
ENG101,2022/241615,55,C
ENG101,2022/241670,71,A
ENG101,2022/250164,65,B
ENG101,2022/244108,69,B
ENG101,2022/250738,50,C
ENG101,2022/245596,40,E
ENG101,2022/249461,55,C
ENG101,2021/245338,44,E
ENG101,2022/247012,40,E
ENG101,2022/244143,40,E
ENG101,2022/244887,63,B
ENG101,2022/248463,41,E
ENG101,2022/243463,61,B
ENG101,2022/249462,46,D
ENG101,2022/246475,44,E
ENG101,2022/241634,65,B
ENG101,2022/244141,66,B
ENG101,2022/246419,57,C
ENG101,2020/252129,46,D
ENG101,2022/243450,56,C
ENG101,2022/246445,70,A
ENG101,2022/250690,26,F
ENG101,2022/241805,78,A
ENG101,2021/245041,44,E
ENG101,2022/247926,46,D
ENG101,2020/248277,41,E
ENG101,2022/241643,70,A
ENG101,2022/248887,41,E
ENG101,2022/244888,41,E
ENG101,2022/246685,46,D
ENG101,2022/249180,23,F
ENG101,2022/244109,69,B
ENG101,2022/247016,61,C
ENG101,2022/243455,71,A
ENG101,2022/244110,72,A
ENG101,2022/243458,50,C
ENG101,2022/243452,84,A
ENG101,2022/250186,48,D
ENG101,2022/249174,15,F
ENG101,2022/247020,60,B
ENG101,2022/249903,62,B
ENG101,2022/244906,45,D
ENG101,2022/244137,61,B
ENG101,2022/244145,54,C
ENG101,2022/246144,42,E
ENG101,2022/246877,58,C
ENG101,2022/241584,45,D
ENG101,2022/244893,28,F
ENG101,2022/248118,45,D
ENG101,2022/247153,63,C
ENG101,2022/250811,40,E
ENG101,2022/244965,54,C
ENG101,2021/246555,43,E
ENG101,2022/241917,41,E
ENG101,2022/244890,40,E
ENG101,2022/243460,41,E
ENG101,2022/249466,50,C
ENG101,2021/248655,49,D
ENG101,2022/247666,40,E
ENG101,2022/241800,46,D
ENG101,2022/243457,41,E
ENG101,2022/244970,43,E
ENG101,2022/246156,65,B
ENG101,2022/241852,40,E
ENG101,2022/247151,26,F
ENG101,2022/245611,69,C
ENG101,2022/247610,50,C
ENG101,2022/246420,58,C