full_name,reg_number
ADAMS TIMOTHY OJOAROME,2022/247147
ADINDE CHRISTOPHER EBUBE,2022/247614
AJAEBILI CHIEMEENA JASON,2022/247665
AJA-EZE OBUMNEME DANIEL,2022/246171
AKUNNE NODUNACHUKWU ANDREA,2022/241896
ANIEKE-ONWUSI CHISOMAGA NORA,2022/247374
ANIEZEOFOR-CHIAHA PHILIP CHIDUBEM,2022/250743
ANINZE IFESINACHI VITUS,2022/244168
ANOSIKE CHIDERA FRANKLIN,2022/247929
ANOZIE-IKEANYI CHIMDINDU DAVID,2022/241922
ASHIRIBA AJIRIOGHENE FAVOUR,2022/241858
CHIMAOBI DIVINE CHIEMERIE,2022/250929
CHIME CHIBUZO SOMTOCHUKWU,2022/244139
CHUKWU EKENE CONFIDENCE,2022/246875
CHUKWUEMEKA EMMANUEL EMEKA,2022/247946
CHUKWUMA EMMANUEL CHIAGOZIE,2022/247615
DURU CHINEMEREM WILSON,2022/241923
EBENIZER MAKUOCHUKWU EBENIZER,2022/241615
EBONYI SOMTOCHUKWU FAVOUR,2022/241670
EGBUNIKE COLLINS UZOCHUKWU,2022/250164
EMEACHI JOHNBOSCO CHINONSO,2022/250738
EMEKA-UBACHUNWA ELVIS,2022/249461
EZEAMA CHUKWUEMEKA PIUS,2022/247012
EZEFETE CHINONSO AUGUSTINE,2022/244143
EZENWAFOR ONYEDIKACHUKWU MARVELOUS,2022/244887
EZEUDU CHUKWUNAZA LAWRENCE,2022/248463
FIDELUGWUOWO CHIAZOKAM COLLINS,2022/243453
GOSPEL NZUBECHI VICTOR,2022/249462
IGBO VICTOR CHIKELU,2022/246475
IGWENYI KOSISOCHUKWU CRYSTAL-JOY,2022/241634
IKECHUKWU SOPURUCHUKWU KINGSLEY,2022/244141
IKENYIRIMBA MIRACLE IKECHUKWU,2022/246419
ILECHUKWU CALEB TOCHUKWU,2020/252129
ILOKA CHIEMERIE JEREMIAH,2022/243450
ILOZUE NNAMDI CURTIS,2022/246445
JOAKIN-UZOMBA MERIE GODWINS,2022/241805
MADU GOODNESS IFECHUKWU,2022/247926
MGBOH CHINONYELUM QUEENDALINE,2022/241643
MOMA NZUBE OLAEDO,2022/248887
NGELE OKECHUKWU FAITHFUL,2022/244888
NIXSON MARK FAVOUR,2022/245585
NWANKWO PROMISE NZUBECHUKWU,2022/249180
NWOGA AMARACHI BERTILIA,2022/244109
OBETTA SOCHIMA LUCKY,2022/247016
OBIECHEFU MITCHEL CHIDIEBERE,2022/243455
ODUMEGWU CHUBA EDGAR,2022/247377
ODOH AFOMACHUKWU PRUDENCE,2022/244110
OGBODO CHIDUBEM HENRY,2022/243458
OGWO CHIJIOKE HENRY,2022/243452
OKEKE CHIDUMEJE IVAN,2022/250186
OKENWA DIVINE CHISOM,2022/249174
OKEZIE TREASURE OSINACHUKWU,2022/247020
OKOH DABERECHI IMMACULATA,2022/249893
OKOLO IFEANYICHUKWU ISAIAH,2022/244906
OKONKWO DANIEL CHIDINDU,2022/244137
OKONKWO ELOCHUKWU EDWARD,2022/244145
OKOYE VICTOR CHUKWUKELUE,2022/246144
OKPOLU UCHECHUKWU EDWARD,2022/246877
OLUKU JOSHUA GORDEN,2022/241584
ONAH EBUBE VALENTINE,2022/244893
ONAH IKEDICHUKWU PENIEL,2022/248118
ONWUKA CHISOM STEPHEN,2022/247153
ONWUONYEJE EMMANUEL EBEKUO,2022/250811
ONYEKWERE IZUCHUKWU DANIEL,2022/244965
ONYEOMA CHIMUANYA NORAH,2022/245555
ONYISHI CHINEDU NELSON,2022/241917
OSIGWE CONRAD UGOCHUKWU,2022/244890
OZOCHI PAUL VALENTINE OBICHUKWU,2020/246997
PAUL-CHINDA BRYAN CHIBUIKE,2022/243460
PREYE TEMOWEIBI,2022/249466
ROTIMI GENAMIE THEOLA,2021/248655
SALAU MICHEAL KANYINSOLA,2022/247666
SOLOMON KAMDILICHUKWU SAMUEL,2022/241800
STEPHEN GODSWILL ODINAKACHI,2022/243457
UDOCHUKWU CHISOM DONALD,2022/246156
UGWU CHIMAOBI BLAISE,2022/252163
UGWU ONYINYECHI SARAH,2022/247151
UMENWA SOCHIMA PRECIOUS,2022/245611
UZOMBA CHINONSO HENRY,2022/247610
UZONDU CHIBUIKE EMMANUEL,2022/246420